individual,fitness
"2,2,2,2,2,2,2,2,2,1,1,1,1,1,1,1,1,1,0,0,0,0,0,0,0,0,0,0",0.0972711633512748
"2,2,2,2,2,2,2,2,1,1,1,1,1,1,1,1,1,2,0,0,0,0,0,0,0,0,0,0",0.09625227966914571
"2,2,2,2,2,2,2,1,1,1,1,1,0,1,1,1,2,2,0,0,0,0,0,1,0,0,0,0",0.09618974944427075
"2,2,2,2,2,2,2,1,1,1,1,1,1,1,1,1,2,2,0,0,0,0,0,0,0,0,0,0",0.09353633144486574
"2,2,2,2,2,2,2,1,1,1,1,1,1,1,1,2,2,0,0,0,0,0,0,1,0,0,0,0",0.09353238983405845
"2,2,2,2,2,0,0,2,1,2,2,1,1,1,1,1,1,0,0,0,1,1,2,0,0,0,0,0",0.09226556531134797
"2,2,2,2,2,1,1,1,1,1,1,2,2,0,0,0,2,2,0,0,0,0,0,0,1,1,1,0",0.09179886084226968
"2,2,2,2,2,1,1,1,1,1,1,1,1,1,2,2,2,2,0,0,0,0,0,0,0,0,0,0",0.09166700729736374
"2,2,2,2,2,1,1,1,1,1,1,1,2,1,1,2,2,2,0,0,0,0,0,0,0,0,0,0",0.09165290055938828
"2,2,2,2,2,0,0,2,1,2,1,1,1,1,1,1,0,0,0,1,1,2,0,0,0,2,0,0",0.09076818645161794
"2,2,2,2,1,2,1,1,0,1,2,1,0,1,0,0,0,0,2,2,2,1,1,0,1,0,0,0",0.09024317886161287
"2,2,2,2,1,2,1,1,0,1,2,1,0,1,0,0,0,0,2,2,0,1,1,0,0,0,2,1",0.09016816232055519
"2,2,2,2,1,2,1,1,0,1,2,1,0,1,0,0,0,1,0,0,2,2,0,1,0,2,0,1",0.08968138764907416
"2,2,2,2,1,1,1,1,1,2,1,1,0,0,1,1,2,2,2,2,0,0,0,0,0,0,0,0",0.08934141985949855
"2,2,2,2,1,1,1,1,1,1,1,1,1,2,2,2,2,2,0,0,0,0,0,0,0,0,0,0",0.08932068618818564
"2,2,2,2,2,1,1,1,1,1,0,0,0,1,1,1,1,2,2,2,2,0,0,0,0,0,0,0",0.0885975754358446
"2,2,2,2,1,1,1,0,0,2,1,1,1,2,0,0,0,1,0,0,2,2,0,1,0,2,0,1",0.08735517011946274
"2,2,2,2,1,1,1,1,1,1,1,0,0,0,0,2,1,1,2,0,2,0,0,0,0,0,2,2",0.08678463373676634
"2,2,2,2,2,2,0,0,0,0,2,1,2,2,1,1,1,1,1,1,1,1,0,0,0,0,0,0",0.08655577643765147
"2,1,2,2,2,2,0,0,2,1,2,1,1,1,1,1,0,0,0,1,1,2,0,0,0,2,0,0",0.08548467303966625
"2,2,2,1,1,1,1,1,1,1,1,1,2,2,2,2,0,0,0,2,2,0,0,0,0,0,0,0",0.08460589356314266
"2,2,2,1,1,1,1,1,1,1,0,0,1,1,0,0,2,2,2,2,2,2,0,0,0,0,0,0",0.0839738447242765
"2,2,2,1,1,1,1,1,1,1,0,0,1,1,0,0,2,2,2,2,0,0,0,0,2,2,0,0",0.0837647697830151
"2,2,2,1,1,1,1,1,1,1,0,0,0,1,1,0,2,2,2,2,2,2,0,0,0,0,0,0",0.08248504841386052
"2,2,1,2,2,1,1,0,0,2,1,1,1,2,0,0,0,1,0,0,2,2,0,1,0,2,0,1",0.08129953899271321
"2,2,1,1,2,2,2,0,2,0,0,1,1,1,2,0,0,0,0,0,1,1,0,0,1,1,2,2",0.07825299098258069
"2,2,2,2,0,0,0,1,1,1,1,1,1,1,1,1,2,2,0,0,0,2,2,2,0,0,0,0",0.07790402687985677
"2,2,1,1,1,0,0,2,2,2,2,1,1,1,1,1,1,2,2,2,0,0,0,0,0,0,0,0",0.07756674391173084
"2,2,2,1,1,1,0,1,2,1,0,0,0,1,2,0,0,0,2,0,2,1,0,2,1,2,1,0",0.07685284848025305
"2,2,1,1,1,1,1,1,1,1,1,2,2,2,2,2,2,2,0,0,0,0,0,0,0,0,0,0",0.0764865641068609
"2,2,2,1,1,1,0,1,2,1,0,1,0,0,0,2,2,1,0,1,0,2,2,0,2,0,1,0",0.07644237537886188
"2,2,2,1,2,0,2,2,0,0,1,0,1,0,2,1,0,0,0,1,2,0,0,1,1,2,1,1",0.07619899336592462
"2,2,2,1,2,0,2,0,2,0,0,1,0,2,1,1,0,0,1,0,1,2,0,0,1,2,1,1",0.07602294954727777
"2,2,2,1,1,1,0,1,1,0,1,0,0,0,2,2,2,1,0,1,0,2,2,0,2,0,1,0",0.07562680526431938
"2,2,1,1,1,2,2,1,1,1,1,2,2,1,1,0,2,2,0,0,2,0,0,0,0,0,0,0",0.07554852717187101
"2,2,2,1,1,1,0,1,2,0,0,0,0,2,1,1,2,0,1,2,2,0,1,2,0,0,0,1",0.07552835684392965
"2,2,1,1,1,2,2,1,1,2,2,1,1,1,1,0,2,2,0,0,2,0,0,0,0,0,0,0",0.0754968030277209
"2,2,1,1,1,2,2,1,1,2,2,1,1,0,0,0,0,0,1,1,0,0,0,2,2,0,0,2",0.07549046016157679
"2,2,1,2,1,1,0,0,1,1,2,2,0,2,2,0,1,1,2,0,0,0,0,1,0,2,0,1",0.07542532614741333
"2,2,2,1,0,0,0,2,1,2,1,2,1,1,0,0,1,2,2,1,0,1,0,0,0,2,1,0",0.07527644120250761
"2,2,1,1,1,1,1,1,1,1,1,0,0,0,0,0,2,2,2,2,2,2,2,0,0,0,0,0",0.07459052748406234
"2,2,2,1,2,0,2,0,0,0,1,0,1,0,0,0,1,1,1,1,2,2,2,0,0,2,1,1",0.07426521518916047
"2,2,2,1,2,0,2,0,0,0,1,0,1,1,1,2,2,2,0,1,1,0,0,0,0,2,1,1",0.07425760587715032
"2,2,2,1,1,0,1,0,0,0,1,2,2,2,1,0,1,0,1,1,0,2,2,0,2,0,1,0",0.07332106088448533
"2,2,2,1,1,0,1,0,0,0,1,2,0,1,2,2,1,2,0,1,0,1,2,0,1,0,2,0",0.0724918437496116
"2,2,2,1,1,0,1,0,0,0,1,2,0,1,2,2,1,0,1,0,1,0,2,2,0,1,0,2",0.07240444756971746
"2,2,2,2,0,0,0,2,0,0,2,1,1,1,1,0,1,1,2,0,2,0,2,1,0,0,1,1",0.0720995762524464
"2,2,2,2,0,0,0,2,0,0,2,1,1,1,1,1,0,1,0,2,2,0,2,1,0,1,1,0",0.07209909356238843
"2,2,1,2,1,0,0,2,0,1,1,1,1,2,2,0,0,0,1,0,2,2,0,1,0,2,0,1",0.07200060983121531
"2,1,1,2,2,0,0,1,1,1,2,2,1,1,1,1,0,0,0,2,2,2,2,0,0,0,0,0",0.0705550292861988
"2,2,1,2,1,0,0,2,0,1,1,2,1,0,2,0,0,0,1,2,2,1,0,1,0,2,0,1",0.07025723304586899
"2,2,2,1,0,0,0,1,2,0,1,2,2,1,1,2,0,1,0,1,2,0,0,2,1,0,1,0",0.06998668067818137
"2,2,1,2,1,0,2,1,0,0,0,1,2,0,0,0,2,0,2,1,1,1,0,1,1,0,2,2",0.06996391294197289
"2,2,2,0,2,2,0,0,1,1,1,1,1,1,0,1,0,2,2,2,0,1,0,2,1,0,0,0",0.06770769601624528
"0,2,2,2,2,1,1,1,1,1,1,1,1,1,0,0,0,0,0,0,0,0,2,2,2,2,0,2",0.06763658807781531
"2,2,1,1,1,0,2,2,0,1,1,0,0,2,2,1,1,1,1,2,2,2,0,0,0,0,0,0",0.06684774301775334
"2,1,1,1,2,2,1,1,2,2,1,1,1,1,0,2,2,0,0,2,0,0,0,0,0,0,0,2",0.06568623592551683
"2,1,1,1,2,2,1,1,2,2,1,1,1,1,0,0,0,0,0,2,2,2,2,0,0,0,0,0",0.0656862140045729
"2,2,1,2,0,1,0,0,0,0,0,2,2,2,1,0,1,0,2,2,0,1,1,1,1,1,2,0",0.06547955056747631
"2,1,1,1,1,1,1,1,1,2,2,2,2,2,2,2,0,0,0,0,0,0,0,0,2,0,0,1",0.06458954649487757
"2,1,1,1,1,1,1,1,1,2,2,2,2,0,0,2,0,0,0,2,0,0,2,2,1,0,0,0",0.06454803020259046
"1,2,1,1,2,2,2,2,2,0,1,1,1,1,1,0,0,0,2,2,2,0,0,0,1,0,0,0",0.06414536056467819
"2,1,1,1,1,1,1,1,1,1,2,2,2,2,0,0,2,2,2,2,0,0,0,0,0,0,0,0",0.06393771502143292
"2,2,2,0,2,2,0,0,0,0,1,0,1,2,2,0,2,2,0,1,0,1,1,1,1,1,1,0",0.0628102802204723
"2,2,2,0,1,1,2,1,0,0,0,1,2,0,0,0,2,0,2,1,1,1,0,1,1,0,2,2",0.06228987901541305
"2,2,2,0,2,1,0,1,0,0,0,0,0,2,2,1,1,1,1,2,0,1,0,1,1,0,2,2",0.06208374278495446
"2,2,2,0,2,0,0,1,1,1,1,1,1,0,1,0,2,2,0,2,0,0,2,1,2,1,0,0",0.06142970327363096
"2,2,2,0,2,0,2,0,0,1,1,1,1,0,2,0,1,2,1,0,0,0,2,1,1,0,2,1",0.060881349654111794
"2,2,2,0,0,2,0,2,2,2,1,1,1,1,0,1,1,0,0,2,2,0,0,1,1,1,0,0",0.060706643403496026
"2,2,2,0,0,0,0,0,2,2,1,2,1,0,2,1,0,2,2,0,1,1,1,1,0,1,0,1",0.05902634913832228
"2,2,2,0,0,0,0,0,2,2,1,2,1,0,2,2,2,0,1,0,1,1,0,1,1,0,1,1",0.059026178814969237
"2,2,1,0,2,2,0,0,0,0,0,1,2,2,1,1,1,1,1,0,2,2,0,1,0,2,0,1",0.058826469639506364
"2,2,1,0,2,0,2,0,1,2,0,2,1,1,0,1,1,1,0,0,2,2,0,1,0,2,0,1",0.058797506367712665
"2,2,1,0,2,0,2,0,1,2,2,0,1,1,0,1,1,1,0,0,2,2,0,1,0,2,0,1",0.05878168571926472
"2,2,2,0,0,0,0,0,0,2,2,1,2,2,1,0,2,2,0,1,0,1,1,1,1,1,1,0",0.058343090318140195
"2,2,2,0,0,0,0,0,1,2,0,1,2,2,2,0,1,2,2,0,1,0,1,1,1,1,1,0",0.058231164185023665
"2,2,2,0,0,2,2,1,1,1,1,0,0,1,1,2,0,0,1,2,0,0,0,0,2,1,1,2",0.058164795298090155
"2,0,2,2,2,2,2,1,1,1,0,0,0,2,2,1,2,0,1,1,1,0,0,1,1,0,0,0",0.05805487581076509
"2,2,2,0,0,2,0,0,0,0,0,2,2,1,1,1,1,1,2,0,1,1,0,1,1,0,2,2",0.057890916133881636
"2,2,2,0,0,2,0,0,0,2,0,0,2,1,1,1,1,0,1,1,2,1,0,1,1,0,2,2",0.057842031441125014
"2,2,2,0,0,2,0,0,0,2,0,0,2,1,1,1,1,1,1,2,0,1,1,1,0,2,2,0",0.0578418893688621
"2,2,2,0,0,2,0,0,0,2,0,0,2,1,1,1,1,1,1,2,0,1,0,1,1,0,2,2",0.057841888451508366
"2,1,1,1,1,0,0,0,2,2,0,2,1,1,2,0,0,0,0,2,1,1,0,2,2,2,0,1",0.05759937406066417
"2,2,2,0,0,2,0,2,0,0,1,1,0,1,1,1,0,2,1,1,2,0,1,1,0,2,2,0",0.05759202115910727
"2,2,2,0,0,2,2,1,1,1,1,0,0,0,1,1,2,0,0,0,0,0,2,2,1,1,1,2",0.057357436271129256
"2,2,2,0,0,2,1,1,1,1,0,0,0,1,1,2,2,2,0,2,0,0,1,1,1,2,0,0",0.05732834376857224
"2,1,1,1,1,0,0,0,0,0,2,2,1,1,1,1,1,0,0,0,0,2,2,2,2,2,2,0",0.057061951325788535
"0,2,2,1,2,2,2,1,0,1,1,1,0,1,0,0,0,2,2,0,2,2,1,1,0,1,0,0",0.05660936923236785
"0,2,2,2,1,1,1,1,2,0,2,0,0,0,0,0,2,2,1,1,0,1,2,0,1,2,0,1",0.055059949558441235
"2,1,1,1,0,1,2,0,0,2,2,2,0,2,1,2,1,0,2,0,2,0,0,1,0,1,1,0",0.05467973231161666
"2,1,1,1,0,1,2,0,0,2,2,2,0,2,1,2,1,0,2,0,0,2,0,1,0,1,1,0",0.0546557018887466
"2,1,1,1,0,2,2,0,0,2,0,1,1,0,0,2,2,1,1,1,1,2,2,2,0,0,0,0",0.05464361404285263
"2,1,1,1,0,1,2,0,0,2,2,2,0,2,1,2,1,0,2,2,0,0,0,1,0,1,1,0",0.05462637125073227
"2,1,1,1,0,1,2,0,2,0,2,2,0,2,1,2,1,0,2,2,0,0,0,1,0,1,1,0",0.05458370259680797
"2,1,0,2,2,1,0,0,1,1,2,2,2,1,1,0,1,0,2,0,2,1,0,2,1,0,0,0",0.05391758217735201
"1,2,1,1,0,0,0,2,2,0,2,1,1,2,0,0,1,0,0,2,2,2,0,0,2,1,1,1",0.053270405489396856
"2,2,0,1,2,2,0,0,0,1,1,1,0,1,2,0,2,1,1,1,1,2,0,0,0,0,2,2",0.05304067190574485
"2,2,0,1,1,2,2,0,0,0,1,1,0,1,2,0,2,1,1,1,1,2,0,0,0,0,2,2",0.05269938355741101
"1,2,1,1,0,0,2,2,2,0,2,0,0,1,1,0,1,0,0,2,2,2,0,0,2,1,1,1",0.052420672514698306
"2,1,1,0,2,2,0,2,1,2,0,0,0,1,1,0,1,2,0,2,1,1,1,0,2,0,0,2",0.05220231623698857
"0,2,2,1,2,1,0,1,1,0,2,2,1,0,1,0,0,2,2,0,2,2,1,1,0,1,0,0",0.051157129173074856
"0,2,2,1,1,2,0,1,1,0,2,2,1,0,0,0,2,2,0,2,2,1,1,1,0,1,0,0",0.0504865467889436
"1,0,2,2,1,2,2,2,1,0,0,2,0,0,0,0,1,0,0,2,1,1,1,2,0,2,1,1",0.05042249125359232
"2,2,0,1,0,1,2,0,2,1,1,1,1,2,0,0,0,0,2,2,0,2,1,1,1,2,0,0",0.05025317468069715
"2,2,0,2,0,2,2,0,1,0,2,1,0,0,1,2,1,1,2,2,1,0,0,1,1,0,0,1",0.04985404101848706
"1,0,2,2,1,1,0,1,2,0,2,2,2,0,2,2,1,1,1,2,1,1,0,0,0,0,0,0",0.04937268506693334
"2,2,0,2,0,2,0,1,0,1,0,0,0,2,1,2,1,1,2,2,2,1,0,0,1,1,0,1",0.04922726202210519
"1,1,1,1,1,2,2,2,2,2,2,0,1,1,0,0,0,1,1,0,0,0,0,2,0,0,2,2",0.04921996367031678
"1,0,2,2,1,1,2,0,0,1,2,2,0,2,0,1,1,1,0,1,1,0,0,2,2,2,0,0",0.04914318407638857
"2,1,1,0,0,0,1,2,2,1,2,1,1,0,1,0,2,0,2,2,0,0,1,0,1,0,2,2",0.049021215259819895
"1,0,2,2,1,1,2,0,0,0,0,0,2,2,2,1,1,2,2,2,1,0,0,1,0,0,1,1",0.048956919498355365
"1,0,2,2,1,1,2,0,0,0,0,0,2,2,2,1,1,2,1,0,2,0,2,1,1,0,0,1",0.048956919498355365
"1,0,2,2,1,1,2,0,0,0,0,0,2,2,1,2,1,2,1,0,2,0,2,1,1,0,0,1",0.048956919498355365
"1,0,2,2,1,1,2,0,0,0,0,0,2,2,1,2,1,2,1,0,2,0,2,1,0,1,0,1",0.048956919498355365
"1,0,2,2,1,1,2,0,0,0,0,0,2,2,1,2,1,2,1,0,2,2,0,0,0,1,1,1",0.048956919498355365
"2,1,0,2,2,0,2,2,1,1,0,1,1,0,0,2,1,2,0,2,1,1,1,0,0,2,0,0",0.04895204228627995
"1,0,2,2,1,1,2,0,0,0,2,0,2,2,2,1,1,1,1,0,1,1,0,0,2,2,0,0",0.04894165860850755
"1,0,2,2,1,1,2,0,0,1,0,0,0,2,2,0,0,2,2,1,1,0,2,1,2,0,1,1",0.04893091588463257
"1,0,2,2,1,1,2,0,0,1,0,2,0,2,2,2,1,1,1,0,1,1,0,0,2,2,0,0",0.048922583098537836
"1,0,2,2,1,1,2,0,0,1,0,2,2,0,2,2,1,1,0,0,0,1,0,2,2,0,1,1",0.04892076995372131
"1,0,2,2,2,0,1,0,2,2,0,2,2,1,0,0,0,1,0,0,1,1,1,2,0,2,1,1",0.048774628634390894
"2,1,1,0,0,0,2,2,1,0,0,0,2,2,2,2,0,2,2,0,0,1,1,1,1,1,1,0",0.048687387225377486
"2,1,1,0,0,0,1,2,2,1,0,2,1,0,1,1,0,2,2,0,2,0,1,0,1,0,2,2",0.04865152914378701
"0,2,2,1,1,0,1,1,0,2,2,1,0,0,0,2,2,0,2,2,2,1,1,1,0,1,0,0",0.048598240244375465
"1,0,2,2,2,0,1,0,1,0,2,2,1,2,0,0,2,0,2,2,1,1,1,0,0,0,1,1",0.04791828211794017
"1,0,2,2,2,0,1,0,2,1,0,0,0,1,1,2,0,2,2,1,0,1,2,0,1,2,0,1",0.0477127786586674
"1,0,2,2,2,0,1,0,2,1,0,0,0,1,1,2,1,0,1,2,2,2,0,1,0,2,0,1",0.0477125519997705
"1,0,2,2,2,0,1,0,2,1,0,0,2,1,0,2,2,0,2,2,1,1,1,0,0,0,1,1",0.04770993850361568
"1,0,2,2,2,0,1,0,2,2,1,0,0,0,2,2,0,2,2,1,1,1,1,0,0,0,1,1",0.047700055081179915
"0,2,2,1,0,1,0,2,2,0,2,2,1,1,0,1,1,1,0,0,2,2,0,1,0,2,0,1",0.046455193010949546
"1,1,1,1,2,0,1,1,1,0,2,2,0,0,0,0,0,2,2,2,1,0,1,0,2,2,0,2",0.04600001183301418
"0,2,2,1,0,2,2,0,0,0,0,0,2,1,1,1,1,1,2,0,1,2,2,0,1,2,0,1",0.04593454655256735
"0,2,2,1,0,0,1,1,2,2,2,1,1,0,1,0,2,0,2,0,2,0,1,1,0,2,1,0",0.04593031798712434
"0,2,2,1,0,2,2,1,0,0,0,0,1,1,2,1,2,2,0,1,1,2,0,0,1,2,0,1",0.04580096010398753
"0,2,2,1,0,2,2,1,0,0,0,0,1,1,2,1,1,0,0,1,2,2,2,0,2,1,1,0",0.04580090834695373
"0,2,2,1,0,2,2,1,0,0,0,0,1,1,2,1,1,0,0,1,2,1,2,2,0,2,0,1",0.045800908286000246
"2,1,0,1,1,0,0,1,1,2,2,2,2,0,2,0,2,0,0,0,0,0,2,1,1,1,1,2",0.04577424462142382
"2,0,1,1,1,0,0,1,1,2,2,2,2,0,2,0,2,0,0,0,0,0,2,1,1,1,1,2",0.04576493388300213
"2,0,1,1,1,0,0,1,1,2,2,2,2,0,0,0,0,0,1,1,1,1,2,2,2,2,0,0",0.04575831376378374
"2,0,1,1,1,0,0,1,1,2,2,2,2,0,0,0,0,0,0,2,1,1,1,2,0,2,1,2",0.04575826775080166
"2,2,0,0,2,1,1,1,1,0,0,0,1,1,2,2,2,0,2,0,0,1,1,1,2,0,0,2",0.045732396130244254
"2,0,1,1,1,0,0,0,0,2,2,2,2,2,1,1,1,2,2,1,1,0,0,0,0,0,1,2",0.04566225043976062
"2,0,1,1,1,0,0,1,1,0,0,2,2,2,2,2,1,1,1,2,0,1,0,0,0,0,2,2",0.04554384773915344
"2,0,1,1,1,0,0,1,1,0,0,2,2,2,2,2,1,1,1,2,0,0,0,0,0,2,1,2",0.0455438432338709
"2,0,1,1,1,0,0,1,1,0,0,2,2,2,2,1,2,2,1,1,0,1,0,2,0,0,0,2",0.04554371918877534
"1,0,2,2,0,2,2,0,2,1,2,1,0,0,1,1,1,0,2,2,2,1,0,1,1,0,0,0",0.04534903619087705
"1,0,2,2,0,2,2,0,2,1,2,1,0,0,1,1,1,1,1,0,2,2,2,1,0,0,0,0",0.04534895951830022
"0,2,1,1,1,2,0,0,0,0,1,2,1,1,0,2,2,0,0,0,0,2,1,1,1,2,2,2",0.045279279794613575
"1,1,0,2,2,2,1,0,2,0,2,2,0,0,1,0,2,1,1,0,0,1,0,2,0,2,1,1",0.045241356861990586
"1,1,0,2,2,2,1,0,2,0,2,2,0,0,1,1,0,0,2,2,0,1,0,2,0,1,1,1",0.04524123579128594
"1,1,0,2,2,2,1,0,2,0,2,2,0,0,2,1,1,2,1,0,0,2,1,0,0,0,1,1",0.04524094924008397
"0,2,1,1,1,2,0,0,2,0,1,1,0,0,2,2,1,0,0,0,0,2,1,1,1,2,2,2",0.04514306596790549
"1,1,0,2,0,2,1,2,2,2,2,2,2,1,1,0,1,0,1,0,0,0,0,0,1,2,0,1",0.04484644318063333
"0,2,1,1,0,2,2,2,0,2,2,1,1,1,0,0,1,2,0,1,1,1,0,2,2,0,0,0",0.044385247375652255
"2,2,0,0,1,0,0,0,1,1,1,1,2,2,2,0,0,0,2,1,1,1,1,2,2,2,0,0",0.04396889474901173
"2,2,0,0,1,0,0,0,1,1,1,1,2,2,2,0,2,1,1,1,1,2,0,0,0,0,2,2",0.04396859283646822
"1,0,2,1,1,0,2,2,0,0,0,0,0,2,2,1,1,0,2,2,2,0,0,2,1,1,1,1",0.043542865553495035
"2,1,0,0,2,2,2,2,0,0,2,1,2,1,1,1,1,1,0,1,1,2,0,0,0,2,0,0",0.04348224985981589
"2,2,0,0,0,0,0,0,0,2,2,2,2,2,2,1,1,1,1,1,1,1,1,1,2,0,0,0",0.043032917283777304
"2,2,0,0,0,0,0,0,0,0,0,0,1,1,1,1,1,1,1,1,1,2,2,2,2,2,2,2",0.04299602465652009
"2,2,0,0,0,0,0,2,0,0,1,1,1,1,1,2,2,0,2,1,1,1,1,2,2,2,0,0",0.042917554163557955
"1,1,1,0,2,0,0,0,0,2,0,2,2,2,2,2,2,1,1,1,1,1,1,0,0,0,2,0",0.042705857042181404
"2,2,0,0,0,0,2,2,1,1,1,0,0,0,2,0,2,1,1,2,2,2,1,1,0,0,1,1",0.04252377318902599
"1,1,1,0,2,0,0,2,2,2,1,1,0,0,2,0,0,1,0,0,2,2,2,2,0,1,1,1",0.04239938385648843
"1,1,1,0,1,0,0,2,2,0,2,1,2,1,0,0,1,0,1,1,0,2,2,2,2,2,0,0",0.042295551604067005
"1,2,0,0,2,2,1,2,2,2,1,0,0,1,0,2,1,1,0,0,1,0,2,0,2,1,1,0",0.042252540322756785
"1,2,0,0,2,2,1,2,2,2,1,0,0,1,0,2,1,1,0,0,0,1,1,1,0,2,0,2",0.0422403742305452
"0,2,1,1,0,0,0,2,2,1,0,0,1,1,2,2,2,1,1,2,1,1,0,0,0,2,0,2",0.04211936890955596
"0,2,1,1,0,0,0,2,2,1,0,0,1,1,2,2,0,2,2,1,0,1,2,0,1,2,0,1",0.042113890116626994
"0,2,1,1,0,0,0,2,2,1,0,0,1,1,2,2,0,2,2,0,1,1,2,0,1,2,0,1",0.0421138562562727
"0,2,1,1,0,1,1,0,2,2,1,2,0,0,0,0,2,2,1,2,0,1,2,0,1,2,0,1",0.04177442092067052
"1,1,1,0,0,0,0,2,2,2,2,1,1,1,1,2,0,0,0,0,0,2,2,2,2,0,1,1",0.041524742489446494
"1,1,1,0,0,0,0,2,2,2,2,1,1,2,0,2,2,1,1,1,0,0,0,1,0,2,2,0",0.041515400944346734
"1,1,1,0,0,2,0,0,2,2,2,1,1,2,0,2,2,1,1,1,0,0,0,1,0,2,2,0",0.041352358792795425
"1,1,1,0,0,0,0,2,2,2,1,1,2,0,0,0,0,0,2,2,1,1,1,1,2,0,2,2",0.04122260327832958
"1,1,1,0,0,0,0,2,2,2,1,1,2,0,0,0,2,0,2,1,1,1,1,2,0,0,2,2",0.04122235303596334
"1,1,1,0,0,2,0,0,2,2,2,1,1,0,0,0,0,2,2,1,1,1,1,2,0,0,2,2",0.04108961527857657
"0,2,2,0,2,1,1,1,0,2,2,2,0,2,2,1,1,1,2,1,1,0,0,1,0,0,0,0",0.040733522653818535
"1,1,0,2,0,0,2,2,1,2,0,2,1,1,1,2,0,1,0,2,0,1,2,1,0,0,0,2",0.04046828418288953
"1,1,0,2,0,0,2,2,1,2,0,2,1,1,1,2,0,0,0,2,0,2,1,0,2,1,1,0",0.04039823841467802
"0,2,2,0,2,1,1,1,0,0,0,1,0,2,2,2,0,1,1,0,0,2,1,2,2,0,1,1",0.04024477315398119
"2,0,1,1,1,0,2,0,0,0,0,0,1,1,2,2,2,0,1,1,1,1,2,2,2,2,0,0",0.03964463357063726
"1,1,1,1,1,0,0,0,0,2,2,1,0,0,2,2,0,1,2,2,0,1,0,2,0,2,1,2",0.039459455416739175
"0,2,2,0,2,0,1,1,1,1,0,0,2,0,1,2,2,2,0,1,0,1,2,0,1,2,0,1",0.03871759202910771
"0,2,2,0,2,0,1,1,1,1,0,0,2,0,1,2,2,2,0,1,1,2,0,0,1,2,0,1",0.03871759188296067
"0,1,1,1,1,0,0,0,2,0,2,0,0,2,2,2,1,1,1,0,2,2,2,0,1,0,2,1",0.038401089770415196
"0,2,1,0,2,2,1,2,2,0,2,1,1,0,1,1,0,1,0,0,1,2,1,0,0,2,0,2",0.03819302142924237
"0,2,1,0,2,2,1,2,2,0,2,1,1,0,1,0,0,0,0,1,2,1,0,2,0,1,2,1",0.038191853828271456
"0,2,1,0,2,2,1,2,2,0,1,1,0,2,1,2,1,0,2,2,0,0,0,1,0,1,1,0",0.03768801761619955
"0,2,1,0,2,2,1,2,2,0,1,1,0,2,1,2,1,0,2,2,0,0,0,1,0,1,0,1",0.03768773140606377
"0,2,2,0,0,0,0,0,2,0,0,0,1,1,1,1,1,1,1,1,1,0,2,2,2,2,2,2",0.03765916990300379
"1,1,0,0,2,0,2,1,2,2,2,2,2,2,1,1,0,1,0,1,0,0,0,0,0,2,1,1",0.03759969358546808
"1,1,0,0,2,1,1,2,2,0,2,2,2,0,2,2,1,1,1,1,0,1,0,0,0,2,0,0",0.03751585135444686
"0,2,1,0,2,2,2,0,0,0,0,0,2,2,1,1,1,1,1,2,0,1,2,0,1,2,0,1",0.037506852472575195
"1,1,0,0,2,1,1,2,2,0,2,2,2,0,2,2,1,1,1,2,1,1,0,0,0,0,0,0",0.037504215096857474
"0,2,2,0,0,0,2,2,1,1,0,0,2,2,0,1,1,0,1,1,1,0,2,2,1,1,2,0",0.03728337917498213
"0,2,1,0,2,2,0,0,0,0,2,2,2,1,0,1,1,1,1,2,0,1,0,2,0,1,2,1",0.037143592869676785
"0,1,1,1,0,0,0,2,0,2,2,2,0,0,1,2,2,2,1,1,1,0,1,2,0,0,2,1",0.03708018834173365
"1,0,2,0,2,2,1,2,1,0,1,1,0,0,2,2,0,2,2,2,1,1,0,0,0,0,1,1",0.03697064428223099
"1,0,2,0,2,2,1,2,1,0,1,1,0,0,2,1,2,0,2,1,2,0,0,0,0,2,1,1",0.03697057713791722
"0,1,1,1,0,0,1,0,2,2,2,2,0,2,0,0,0,1,0,0,2,2,1,1,1,2,1,2",0.0368787142273833
"1,1,0,1,0,0,1,1,2,2,0,0,0,2,2,2,2,2,2,1,1,1,0,0,0,1,2,0",0.03686365158050973
"0,1,1,1,0,0,1,1,0,2,2,2,2,0,2,0,0,0,0,0,2,1,1,1,1,2,2,2",0.036843471555179724
"0,1,1,1,0,0,1,1,0,2,2,2,2,0,2,1,1,2,0,0,0,0,0,2,1,1,2,2",0.03684288302348624
"0,1,1,1,0,0,0,0,2,0,0,2,0,2,2,2,2,2,1,0,0,2,1,1,1,1,1,2",0.036828740411088856
"0,1,1,1,0,1,2,0,0,0,2,0,2,2,2,0,0,0,2,2,2,0,1,1,1,1,1,2",0.036760167638584404
"0,1,1,1,0,1,2,0,0,0,2,0,2,2,2,2,2,2,1,1,1,1,1,0,0,0,2,0",0.036759707261635605
"0,1,2,0,2,2,1,0,0,1,0,0,1,1,2,2,0,2,2,0,1,1,2,0,1,2,0,1",0.03666183575637016
"0,2,2,0,0,1,1,1,1,1,1,0,1,0,2,2,2,0,0,2,1,1,0,2,2,2,0,0",0.03663087295728375
"1,1,0,0,2,0,2,2,2,2,2,1,0,2,1,1,1,2,0,1,0,0,0,0,0,2,1,1",0.036415345650938936
"2,0,1,0,0,0,2,0,2,2,2,2,0,1,1,1,1,1,1,1,1,2,0,0,0,0,2,2",0.036081982109295176
"1,1,0,0,2,0,0,2,2,1,1,2,0,1,2,1,1,1,1,0,0,0,0,2,2,0,2,2",0.03572247046837286
"1,1,0,0,2,0,2,2,2,2,1,0,1,0,0,0,0,0,2,1,1,1,1,2,1,2,0,2",0.03551755965765888
"0,0,2,2,2,2,1,1,1,1,1,0,1,1,1,0,0,0,2,2,0,0,0,1,2,0,2,2",0.03528982812760405
"1,0,2,0,0,2,2,1,2,2,0,2,1,1,0,1,0,0,0,2,2,0,0,2,1,1,1,1",0.03503126162215991
"1,0,0,2,2,1,2,2,2,1,0,1,1,1,0,1,0,0,0,1,2,2,2,2,0,0,1,0",0.034937063793221645
"2,0,0,1,1,1,1,1,2,2,2,2,2,2,2,2,0,0,1,1,0,0,0,1,1,0,0,0",0.034908930396862
"1,0,2,0,0,2,2,1,2,2,0,1,2,0,0,0,1,0,0,2,1,1,1,2,0,2,1,1",0.0348421750360203
"1,0,2,0,0,2,2,1,2,2,2,1,0,0,1,0,2,1,1,0,0,1,0,2,0,2,1,1",0.03483778885350172
"0,0,2,2,2,2,2,2,2,2,1,1,1,1,1,1,1,1,1,0,0,0,0,2,0,0,0,0",0.03451573131479686
"1,0,2,0,0,2,2,1,2,2,0,1,0,0,0,1,0,2,2,2,0,0,2,1,1,1,1,1",0.03440837167927452
"0,1,1,1,1,1,1,1,1,1,2,2,0,0,2,0,0,2,2,0,0,0,0,0,2,2,2,2",0.03433840887953216
"0,1,1,0,2,2,2,2,0,2,0,2,2,1,1,0,1,1,1,0,0,2,2,0,0,1,1,0",0.03432802313801624
"2,0,0,2,0,2,2,2,2,0,1,1,1,1,1,1,0,0,2,0,0,1,1,1,0,0,2,2",0.034278021117855294
"2,0,0,2,0,2,0,0,1,1,1,1,1,2,2,0,0,2,2,1,1,1,1,2,0,2,0,0",0.033972644237522984
"0,0,2,2,2,2,2,2,0,0,0,0,0,2,1,1,1,0,2,0,0,2,1,1,1,1,1,1",0.03383746965776698
"0,0,2,2,2,2,2,1,0,1,1,1,0,2,0,0,0,0,2,1,2,2,0,1,1,0,1,1",0.033797053641539884
"0,0,2,2,2,1,1,1,1,2,0,2,0,0,0,0,0,2,2,1,1,0,1,2,0,2,1,1",0.03367101699148425
"0,0,2,2,2,1,1,1,1,2,0,2,0,0,0,0,2,0,1,2,1,0,1,2,0,2,1,1",0.0336709593494389
"0,0,2,2,2,1,1,2,0,2,0,1,1,1,0,2,1,1,2,0,1,1,0,0,0,2,0,2",0.03352835901180487
"1,1,1,0,1,0,0,0,0,1,1,2,2,1,2,2,0,2,2,0,1,1,0,0,0,2,2,2",0.03348854854852491
"0,1,1,0,1,1,2,0,0,2,2,2,1,1,0,2,2,0,1,2,0,0,0,2,1,1,0,2",0.033375960087108296
"0,0,2,1,1,1,1,1,2,2,1,1,0,2,2,0,0,2,1,2,0,1,0,0,2,0,2,0",0.03330178143528558
"0,0,2,2,1,1,1,2,2,0,0,0,0,0,1,1,0,1,1,1,0,0,2,2,1,2,2,2",0.033295514407547015
"1,0,0,2,2,2,1,2,2,0,2,1,0,0,1,0,2,1,1,0,0,1,0,2,0,2,1,1",0.03328154045193752
"0,0,2,2,1,1,1,1,1,0,1,0,0,1,1,0,1,2,2,2,0,0,0,2,0,2,2,2",0.03326966360150034
"0,0,2,2,2,1,0,1,0,2,2,0,2,2,1,1,0,1,1,0,1,0,2,0,2,1,0,1",0.03313872375507205
"0,0,2,2,2,1,0,1,0,2,2,0,2,2,1,1,0,1,1,1,0,0,2,2,0,0,1,1",0.033132073181687656
"0,0,2,2,2,1,0,1,0,2,2,0,2,2,1,1,1,0,0,0,2,2,0,1,1,0,1,1",0.033132060900988206
"1,0,0,2,2,2,1,2,0,2,1,0,0,0,2,0,1,0,1,1,1,0,2,2,1,1,2,0",0.032843212882813846
"1,0,0,2,2,2,1,2,0,2,1,0,0,1,0,0,0,2,2,1,1,0,1,2,0,2,1,1",0.032842842478883104
"1,0,0,2,2,2,0,0,2,1,1,0,2,0,2,2,0,0,0,2,1,0,1,1,1,2,1,1",0.03258475957644392
"1,0,0,2,2,2,0,2,1,2,1,0,0,2,1,0,0,0,2,1,1,0,1,2,0,2,1,1",0.032499914048838285
"1,0,1,0,0,2,2,2,2,0,2,2,1,1,1,2,2,1,1,0,0,0,0,0,0,1,1,2",0.032482966764301166
"1,1,0,2,1,0,0,0,1,1,2,1,0,1,0,2,2,2,0,0,0,1,1,2,2,2,0,2",0.0322470837210009
"1,0,0,2,1,2,0,0,0,2,0,2,1,1,2,1,1,0,0,1,2,1,2,2,0,2,0,1",0.03222958370387206
"0,1,1,0,2,0,2,1,1,1,1,2,0,0,0,0,2,2,0,2,2,2,1,1,1,0,2,0",0.03212245341716316
"0,0,2,2,1,0,0,0,2,2,0,1,1,1,0,1,0,0,2,2,1,2,2,2,1,0,1,1",0.03200714732749757
"0,1,1,0,0,0,0,2,0,1,0,2,2,2,2,2,2,1,0,1,0,0,2,2,1,1,1,1",0.03185024325031112
"0,1,1,0,0,0,0,2,1,0,2,2,2,2,2,1,1,1,1,2,0,2,2,0,0,0,1,1",0.03181673449441183
"0,1,1,0,0,0,0,2,1,1,1,2,2,2,0,1,1,1,0,0,0,1,0,2,2,2,2,2",0.031804570254798936
"0,1,1,0,0,0,0,2,1,1,1,2,2,2,2,1,1,2,0,0,0,0,0,2,1,1,2,2",0.03180411678792677
"0,0,2,1,1,1,1,0,0,2,2,1,1,2,2,2,2,0,0,0,1,1,0,0,2,2,0,1",0.03169889064799925
"0,0,2,1,1,1,1,0,0,2,2,1,1,2,2,2,2,2,2,0,0,0,0,0,0,1,1,1",0.03168739776846626
"0,0,2,1,1,1,1,0,0,2,2,2,2,2,2,0,0,0,1,1,1,1,0,0,2,2,0,1",0.03168049310828157
"0,0,2,1,1,1,1,0,0,2,2,1,2,2,0,0,2,2,1,1,1,1,2,2,0,0,0,0",0.0316798672594394
"0,0,2,1,1,1,1,0,0,2,2,2,2,2,2,2,2,0,0,0,1,1,1,1,0,0,0,1",0.031679346683140125
"0,1,1,0,0,0,2,2,2,2,1,1,2,1,2,1,1,0,1,0,1,0,0,0,2,0,2,2",0.03167755270470386
"0,1,1,0,0,0,2,2,2,0,2,1,1,0,1,2,2,0,1,1,1,0,0,1,0,2,2,2",0.03166661252481335
"0,1,1,0,0,0,2,2,2,0,2,1,1,1,2,1,0,1,0,0,0,0,2,1,1,2,2,2",0.03166588642367254
"0,1,1,0,0,0,1,1,2,2,0,1,2,2,2,1,1,1,0,2,0,0,0,0,2,1,2,2",0.031655278622696736
"0,1,1,0,0,0,2,2,2,1,0,2,0,2,0,2,0,0,0,2,1,1,2,1,1,1,1,2",0.03165449488038606
"0,1,1,0,0,0,2,2,2,1,0,2,0,2,2,0,0,0,2,2,1,1,1,1,1,1,0,2",0.031654276399654104
"0,1,1,0,0,0,2,2,1,2,2,0,2,1,1,1,1,1,0,1,0,0,0,0,2,2,2,2",0.03165356571177938
"0,1,1,0,0,0,2,2,2,2,1,1,1,2,1,1,1,0,1,0,0,0,0,2,2,0,2,2",0.031650781474932554
"0,1,1,0,0,0,2,2,1,2,2,0,1,1,0,2,2,1,1,1,0,1,0,0,0,2,2,2",0.031649666118308356
"0,1,1,0,0,0,2,2,1,2,2,0,2,1,1,0,1,1,1,0,0,1,0,0,2,2,2,2",0.031649471487527676
"0,1,1,0,0,0,2,2,1,2,2,2,1,0,1,1,1,0,1,0,0,0,1,0,2,2,2,2",0.031646946626208414
"0,1,1,0,0,0,0,2,1,2,1,2,1,1,1,1,2,1,2,0,0,0,0,0,2,2,2,2",0.031592286923180266
"0,1,1,0,0,0,0,2,1,1,2,2,0,1,2,2,2,0,1,1,1,0,0,1,0,2,2,2",0.03157800242757365
"0,1,1,0,0,2,0,2,0,0,1,0,2,2,2,2,2,1,0,1,0,0,2,2,1,1,1,1",0.031551276439509904
"0,1,1,0,0,1,0,2,1,2,0,0,2,2,1,2,2,1,1,0,0,1,0,2,2,0,2,1",0.03144180177457971
"0,1,1,0,0,1,0,1,2,2,2,2,0,2,1,1,2,0,0,0,0,0,2,1,1,1,2,2",0.03143418331332749
"0,1,1,0,0,2,2,2,0,0,2,1,1,0,1,2,2,0,1,1,1,0,0,1,0,2,2,2",0.031393407111578044
"0,1,1,0,0,2,1,2,2,0,2,0,2,1,1,1,1,1,0,1,0,0,0,0,2,2,2,2",0.0313575504821978
"0,1,1,0,0,1,2,2,1,0,0,2,2,0,0,0,0,2,2,2,1,0,2,2,1,1,1,1",0.03135453347375621
"0,1,1,0,0,1,2,2,1,0,0,2,2,0,2,0,0,1,0,0,2,2,1,1,2,1,1,2",0.031354152254878614
"0,1,1,0,0,2,2,2,2,1,0,0,2,2,1,1,1,1,0,1,1,0,2,2,0,0,2,0",0.03134395861734575
"0,1,1,0,0,2,2,2,2,1,0,1,0,0,0,0,0,2,2,2,1,0,2,2,1,1,1,1",0.03131993399294182
"0,0,2,1,1,1,0,1,0,2,2,1,2,2,0,0,2,2,1,1,1,1,2,2,0,0,0,0",0.03126412718460453
"1,0,0,2,0,0,2,2,1,1,1,2,0,1,2,1,0,0,1,2,2,0,1,0,1,2,0,2",0.031168324855637305
"1,0,0,2,0,0,2,2,1,1,1,2,0,1,2,1,1,1,1,0,0,0,2,2,0,2,0,2",0.031164562972913604
"1,0,0,2,0,0,2,2,1,1,1,2,0,1,2,2,1,2,0,1,2,0,1,2,0,1,0,0",0.031164546431992957
"0,1,1,0,0,1,1,2,2,2,1,1,0,0,2,2,2,0,1,2,0,0,0,0,2,1,1,2",0.03113927016735196
"0,1,1,0,0,1,0,2,1,2,0,0,0,2,0,2,1,1,2,2,1,1,0,2,0,2,1,2",0.03109065592319122
"0,1,1,0,0,1,0,2,1,2,0,0,0,2,0,2,1,1,2,1,1,0,2,2,0,2,1,2",0.031028143774307213
"0,0,2,2,0,0,0,0,0,1,0,0,0,1,1,1,1,2,2,2,1,1,1,1,2,2,2,2",0.03090333600133491
"1,0,0,1,1,1,0,0,2,2,2,2,2,2,1,2,1,1,0,2,0,0,0,0,0,1,1,2",0.030763389497503665
"0,0,2,1,1,0,0,2,0,2,2,1,2,2,2,2,1,1,1,1,2,0,0,0,0,0,1,1",0.030602973778057714
"1,0,0,1,0,0,1,1,2,2,2,2,1,1,1,0,0,0,2,0,2,0,0,2,2,2,1,1",0.02981969037672944
"0,0,2,1,0,0,2,2,2,2,2,2,0,0,0,1,1,1,0,0,2,2,1,1,1,1,0,1",0.029657207481583008
"1,1,0,0,1,0,1,0,0,1,2,2,1,1,0,0,0,1,1,0,2,2,2,2,2,0,2,2",0.029473862632079396
"0,1,1,1,0,0,0,0,2,0,0,0,0,2,0,2,2,2,2,2,2,1,1,1,1,1,1,2",0.029427595482714296
"0,0,2,1,0,2,2,1,2,2,0,0,0,2,2,1,1,1,0,0,2,2,0,1,1,0,1,1",0.02918949746887968
"0,0,1,1,1,1,0,0,2,2,1,2,2,0,2,2,1,1,0,1,0,0,0,0,2,2,2,1",0.02907539112251257
"2,0,0,0,2,0,0,0,0,1,0,0,0,1,1,1,1,2,2,2,1,1,1,1,2,2,2,2",0.02899783354069932
"2,0,0,0,2,0,0,0,0,0,0,0,1,1,1,1,1,1,1,1,1,2,2,2,2,2,2,2",0.028989148340541573
"2,0,0,0,2,0,0,0,0,0,0,1,1,1,1,1,0,1,1,1,1,2,2,2,2,2,2,2",0.028981052910246573
"0,0,1,1,1,0,0,2,2,2,2,2,2,1,0,1,1,1,0,1,0,0,0,0,2,2,2,1",0.028895726834771273
"0,1,0,2,0,0,1,1,2,0,0,2,2,0,2,0,1,0,0,2,2,1,1,1,2,1,1,2",0.028692564910309238
"0,0,1,1,1,0,0,0,2,2,2,0,0,0,0,0,1,1,1,1,1,2,2,1,2,2,2,2",0.02844436579924865
"0,1,0,2,0,2,1,1,1,1,0,0,2,2,2,1,2,2,1,1,0,1,0,2,0,0,0,2",0.02842335557827147
"2,0,0,0,0,1,1,1,0,1,1,1,1,2,2,2,2,2,2,2,0,0,0,0,0,2,1,1",0.027907370272348016
"2,0,0,0,0,1,1,1,0,0,0,0,0,2,2,2,2,2,2,2,2,0,1,1,1,1,1,1",0.027904721172164314
"0,0,1,1,0,0,2,2,2,2,2,1,2,1,0,1,1,1,0,1,0,0,0,0,2,2,2,1",0.027879812244996534
"0,0,1,1,0,0,2,0,0,2,2,2,2,2,0,0,2,1,1,1,1,1,2,1,0,0,2,1",0.027624061860529067
"0,0,1,1,0,0,2,2,0,2,2,0,0,0,0,2,1,2,1,1,1,1,1,0,2,2,2,1",0.02757055517452506
"0,0,1,1,0,0,2,2,0,2,2,0,0,2,1,2,1,0,0,2,1,2,2,0,1,1,1,1",0.027569232987422775
"0,0,1,1,0,0,2,2,2,2,2,0,0,1,1,1,1,1,1,0,0,0,0,2,2,2,1,2",0.02753937802699046
"0,0,1,1,0,0,2,2,2,2,2,1,0,2,2,1,1,1,0,0,0,1,0,2,2,0,1,1",0.027535141263170883
"0,0,1,1,0,0,2,2,2,2,2,1,1,0,1,1,1,0,1,0,0,0,0,2,2,2,1,2",0.027534526543996803
"0,2,0,0,1,1,2,2,2,0,2,2,1,0,0,1,1,0,0,1,2,1,1,1,2,0,0,2",0.027264199547300118
"1,0,0,0,2,0,2,2,1,2,0,1,1,1,1,1,0,2,2,0,1,0,2,0,2,1,0,2",0.026349638562720164
"1,0,0,0,2,0,2,2,1,2,0,1,1,1,1,0,1,2,2,0,1,2,2,2,0,0,1,0",0.026345124443735893
"1,0,0,0,1,0,1,1,2,2,2,2,1,1,1,0,0,0,2,2,2,0,1,0,2,0,2,1",0.0262829687794222
"1,0,0,0,1,0,1,1,2,2,2,2,1,1,1,0,0,0,2,0,2,0,0,2,2,2,1,1",0.02627774123191037
"0,2,0,0,0,0,0,0,1,1,2,2,2,1,1,1,1,2,2,2,0,2,0,0,1,1,1,2",0.025969059357913465
"0,2,0,0,0,2,2,0,0,2,2,2,1,1,1,2,1,1,0,0,2,1,1,1,0,1,0,2",0.025676871096460552
"0,1,0,0,2,2,2,2,2,1,2,1,0,1,1,1,0,1,1,0,0,2,2,0,0,1,0,2",0.025652173371341264
"1,1,1,1,1,0,0,0,0,2,2,1,0,0,2,2,0,1,1,0,2,2,0,2,0,1,2,2",0.02557228844494829
"1,1,1,1,1,0,0,0,0,2,2,1,0,0,2,2,0,1,1,0,2,2,0,2,1,0,2,2",0.025572277036175615
"0,1,1,0,0,0,0,2,1,1,1,2,1,1,1,2,1,2,0,0,0,0,0,2,2,2,2,2",0.025405636817777445
"0,1,0,0,2,2,2,2,1,0,1,0,0,0,0,0,2,2,1,1,1,1,2,0,2,2,1,1",0.025386911596090266
"0,1,0,0,2,2,2,2,1,0,1,0,0,2,2,0,0,0,1,1,1,1,2,0,2,2,1,1",0.02538625398161709
"0,1,0,0,2,2,0,2,2,0,2,1,2,1,1,1,0,0,2,2,2,0,0,1,0,1,1,1",0.025294603815075905
"0,1,0,0,2,0,0,2,2,1,2,2,0,1,2,0,0,0,1,1,1,1,2,0,2,2,1,1",0.02479378414222901
"0,0,2,0,0,2,2,2,2,1,1,2,2,1,1,0,1,0,2,0,0,1,0,1,1,1,0,2",0.024214188499936846
"1,0,0,0,1,1,2,0,1,2,1,0,0,0,1,2,0,2,1,1,1,0,2,2,2,0,2,2",0.024006158914675727
"0,1,0,0,0,2,2,1,2,2,0,1,0,2,2,1,1,1,1,2,0,0,1,0,0,2,2,1",0.023979263209303457
"0,1,0,0,0,2,2,1,2,2,0,1,1,0,2,2,1,1,1,0,1,0,0,0,2,2,2,1",0.023978833771011652
"0,0,2,0,0,2,2,1,2,0,1,2,0,0,0,1,1,1,1,2,0,2,1,2,0,1,2,1",0.023861333632834165
"0,0,2,0,0,2,2,1,2,0,1,2,0,0,0,1,1,1,1,2,2,0,1,2,0,1,2,1",0.023861333632834165
"0,0,2,0,0,2,2,1,1,1,1,2,0,0,0,0,1,1,1,0,2,2,1,1,2,0,2,2",0.02385149178284119
"0,0,2,0,0,2,2,1,1,1,1,2,0,1,2,1,1,1,1,0,0,0,0,2,2,0,2,2",0.023850724446066236
"0,1,1,1,0,1,0,1,0,0,1,1,2,2,2,1,0,0,0,0,2,2,1,2,2,0,2,2",0.023779446078094724
"0,0,2,1,1,1,1,1,1,0,0,0,0,0,0,0,0,2,1,1,1,2,2,2,2,2,2,2",0.022951447553790624
"0,0,2,1,1,1,1,1,0,1,0,0,1,0,2,2,2,0,1,1,2,2,2,0,0,2,0,2",0.022939797278017118
"0,0,1,1,1,1,0,1,0,0,1,1,2,2,2,1,0,0,0,0,0,2,2,1,2,2,2,2",0.022938927593241204
"0,0,1,0,0,2,2,0,1,2,2,0,0,0,0,2,1,2,1,1,1,1,1,0,2,2,2,1",0.02274596249221333
"0,0,0,2,2,1,0,0,2,0,2,2,0,1,1,0,2,1,0,0,1,2,1,1,2,1,1,2",0.021854166415328093
"0,0,0,2,2,0,0,2,2,2,1,1,1,1,1,1,1,1,1,0,0,0,0,0,2,2,2,2",0.021635062264080466
"0,0,0,2,2,0,0,2,2,2,1,1,1,1,1,1,1,1,1,2,2,2,2,0,0,0,0,0",0.02163504657498189
"0,0,0,2,2,0,0,2,2,2,1,1,1,1,1,1,1,0,0,0,0,0,1,1,2,2,2,2",0.021635046156492366
"0,0,0,1,2,1,1,2,0,0,0,0,2,1,0,2,2,0,0,2,2,2,1,1,1,2,1,1",0.021431235955793115
"0,0,0,1,2,1,1,2,1,2,1,1,1,1,2,1,2,0,0,0,0,0,0,0,2,2,2,2",0.021429582399362976
"0,0,0,1,2,1,2,0,0,0,0,2,0,2,1,1,0,0,1,2,2,2,2,1,1,2,1,1",0.02140480140217626
"0,0,0,1,1,2,0,0,0,2,2,0,1,2,2,1,1,1,1,2,2,2,0,0,0,2,1,1",0.02123134726911205
"0,0,0,2,0,0,2,2,2,2,1,1,2,2,1,1,0,1,0,2,0,0,1,0,1,1,1,2",0.02120143876670321
"0,0,0,2,0,0,2,0,2,2,2,0,1,1,0,2,1,1,0,0,1,2,2,1,1,1,1,2",0.021175060487397798
"0,0,0,1,1,0,0,0,2,2,2,2,0,0,1,1,2,1,1,1,2,0,0,2,1,1,2,2",0.0210359597235519
"0,0,0,1,1,0,0,1,1,2,2,2,1,1,0,0,0,0,0,2,2,1,1,1,2,2,2,2",0.021003813006224222
"0,0,0,1,1,0,2,0,0,2,2,2,2,2,0,0,2,1,1,1,1,1,2,0,0,2,1,1",0.02099574684252973
"0,0,0,1,1,0,0,1,1,2,2,0,0,0,0,0,2,2,2,1,1,1,1,1,2,2,2,2",0.02092500320541264
"0,1,0,1,0,0,0,2,0,0,0,0,2,0,2,2,1,2,2,2,2,1,1,1,1,1,1,2",0.020765654867419884
"0,0,0,1,0,0,0,2,2,2,2,1,1,1,2,1,0,2,0,2,1,1,0,0,1,1,2,2",0.02071696642169101
"0,0,0,1,0,0,1,1,2,2,2,1,0,1,1,1,1,1,2,0,0,0,0,2,2,2,2,2",0.020644375604083116
"0,0,0,1,1,2,0,0,0,2,2,1,0,0,2,2,1,1,1,1,2,0,0,2,2,2,1,1",0.02054109976490324
"0,0,0,1,1,1,1,1,1,1,1,1,2,2,0,0,0,0,0,0,0,2,2,2,2,2,2,2",0.01944013492800453
"0,0,0,1,1,1,1,1,1,1,1,1,2,2,2,2,0,0,0,0,0,0,0,2,2,2,2,2",0.01841218893806294
"0,0,0,0,1,2,2,2,1,0,2,2,0,0,2,2,0,0,0,2,1,1,1,1,1,2,1,1",0.017513107600489238
"0,0,0,0,1,2,2,2,1,0,2,2,0,2,2,0,0,1,0,0,2,1,1,1,1,1,2,1",0.017512918018813665
"0,0,0,0,1,2,2,0,0,2,2,1,2,0,2,2,0,0,0,2,1,1,1,1,1,2,1,1",0.017482257941651688
"0,0,0,0,2,2,1,0,1,1,1,0,1,1,1,1,2,0,0,0,2,1,2,0,2,2,2,2",0.017449412746873515
"0,0,0,0,1,2,0,0,2,2,1,2,2,2,0,0,2,1,1,1,1,1,2,1,0,0,2,1",0.017436266886511596
"0,0,0,0,1,2,0,0,2,2,1,2,2,2,0,0,1,1,1,2,1,1,2,1,0,0,2,1",0.017436266886511596
"0,0,0,0,1,2,0,0,2,2,1,2,2,2,1,1,0,0,2,1,0,1,1,1,0,1,2,2",0.017436135933897638
"0,0,0,0,2,2,1,1,1,1,1,0,0,0,0,2,2,2,1,1,0,0,1,1,2,2,2,2",0.01743071001221003
"0,0,0,0,0,0,0,0,1,0,1,2,2,2,2,0,2,2,1,1,1,2,2,1,1,1,1,2",0.017264309656834932
"0,0,0,0,0,0,1,1,1,1,2,2,2,0,2,2,2,2,2,2,0,0,0,1,1,1,1,1",0.017199209989694514
"0,0,0,0,0,2,0,0,0,1,0,1,2,2,2,0,2,2,1,1,1,2,2,1,1,1,1,2",0.017188857035062843
"0,0,0,0,0,2,1,1,2,2,2,2,2,2,2,1,1,1,1,1,1,0,0,0,0,0,1,2",0.01718760257950136
"0,0,0,0,0,2,0,0,1,1,2,2,2,0,2,2,1,1,0,0,1,2,2,1,1,1,1,2",0.01717743348490283
"0,0,0,0,0,0,2,2,0,0,0,1,1,1,1,1,1,1,1,1,2,0,2,2,2,2,2,2",0.017159982134627893
"0,0,0,0,0,0,2,2,0,0,0,1,1,1,1,1,1,1,1,1,0,2,2,2,2,2,2,2",0.01715972460389696
"0,0,0,0,0,0,0,2,2,1,1,1,1,1,0,0,0,1,1,1,1,2,2,2,2,2,2,2",0.017158081356273266
"0,0,0,0,0,0,2,2,1,1,1,1,1,0,0,1,1,1,1,2,2,2,2,0,2,2,0,2",0.017144773218819655
"0,0,0,0,0,2,2,0,0,1,1,2,2,0,2,2,1,1,0,0,1,2,2,1,1,1,1,2",0.0171427201506494
"0,0,0,0,0,2,2,0,0,2,2,1,1,1,1,2,0,0,2,2,2,1,1,1,1,1,0,2",0.017142534934485646
"0,0,0,0,0,1,2,2,2,1,0,0,0,2,2,0,0,2,2,2,1,1,1,1,1,2,1,1",0.01711043226165357
"0,0,0,0,0,2,2,2,2,1,1,1,1,1,1,1,0,0,0,1,1,2,2,0,0,2,2,2",0.017107987149764886
"0,0,0,0,0,2,2,2,2,1,1,1,1,1,1,1,0,0,0,0,0,1,1,2,2,2,2,2",0.017107986713276332
"0,0,0,0,0,2,1,1,1,1,2,2,1,1,2,0,0,1,1,0,2,2,2,2,2,0,0,1",0.017105213035861676
"0,0,0,0,0,2,1,1,1,1,2,2,1,1,2,2,2,2,0,0,1,1,0,0,2,2,0,1",0.017101930763986316
"0,0,0,0,0,1,0,0,0,2,2,1,1,1,2,0,0,2,2,1,1,1,2,1,1,2,2,2",0.017083487601866846
"0,0,0,0,0,2,1,1,1,1,1,2,0,0,0,0,2,1,0,1,1,1,2,2,2,2,2,2",0.017069484218490617
"0,0,0,0,0,2,1,1,1,1,1,1,2,0,0,0,0,0,1,1,1,2,2,2,2,2,2,2",0.01704542225257728
"0,0,0,0,0,2,1,1,1,1,1,1,2,0,0,0,0,1,1,0,1,2,2,2,2,2,2,2",0.017045406488657013
"0,0,0,0,0,0,2,2,1,1,1,1,1,0,0,0,1,1,1,1,2,2,2,2,2,2,0,2",0.017015852047881152
"0,0,0,0,0,2,1,1,1,1,1,2,0,0,1,0,0,1,1,2,0,1,2,2,2,2,2,2",0.016989679981444735
"0,0,0,0,0,2,1,1,1,1,1,2,0,1,0,0,1,1,2,0,1,2,0,2,2,2,2,2",0.016985759964717094
"0,0,0,0,0,2,2,1,1,1,1,1,1,1,1,0,0,0,0,0,1,2,2,2,2,2,2,2",0.016901181573276795
"0,0,0,0,0,2,1,1,1,1,1,2,1,1,1,2,1,2,0,0,0,0,0,2,2,2,2,2",0.016876657373141844
"0,0,0,0,0,2,1,1,1,1,1,2,1,1,1,0,0,0,0,2,2,2,2,2,1,0,2,2",0.016675311082701785
"1,0,0,0,0,1,1,1,2,1,0,1,0,0,0,0,2,1,1,2,2,2,1,2,0,2,2,2",0.016041757134739137
"0,0,0,0,2,0,0,0,0,1,1,1,1,1,1,1,1,2,2,2,2,1,2,2,2,0,0,2",0.015087535072234324
"0,0,0,1,1,1,1,1,1,1,1,1,0,0,0,0,0,0,0,2,2,2,2,2,2,2,2,2",0.01508655767229637
"0,0,0,1,1,1,1,1,1,1,0,0,1,1,0,0,0,0,2,2,2,2,2,2,2,0,2,2",0.015078539035794897
"0,0,0,1,1,1,1,1,1,1,0,0,1,1,2,0,0,0,0,0,2,2,2,2,2,2,2,2",0.015078539008884319
"0,0,0,0,2,0,0,0,0,1,1,1,1,1,1,1,1,2,2,2,2,2,1,2,2,0,0,2",0.01502878133221425
"0,0,0,0,2,0,0,1,1,1,1,1,1,1,1,2,2,2,2,2,1,2,2,0,0,0,2,0",0.014977740690018884
"0,0,0,0,0,0,0,0,2,0,0,1,1,1,1,1,1,1,1,2,2,2,2,2,1,2,2,2",0.014933707105545865
"1,1,1,1,1,1,1,1,1,0,0,0,0,0,2,2,2,2,2,2,2,2,2,0,0,0,0,0",0.013741945776379903
"0,0,0,0,0,0,0,0,0,1,1,1,1,1,1,1,1,1,2,2,0,2,2,2,2,2,2,2",0.01372508790367392
"0,0,0,0,0,0,0,0,0,1,1,1,1,1,1,1,1,1,2,2,2,0,2,2,2,2,2,2",0.01372508790367392
"0,0,0,0,0,0,0,0,1,1,1,1,1,1,0,0,2,2,2,2,2,2,2,2,2,1,1,1",0.013712176797726133
"0,0,0,0,0,1,1,1,1,1,1,0,0,0,0,0,2,2,2,2,2,2,1,1,1,2,2,2",0.013481810134747016
"0,0,0,0,0,1,1,1,1,1,1,1,1,1,0,0,0,0,0,2,2,2,2,2,2,2,2,2",0.013481795723993101
"0,0,0,0,0,1,1,1,1,1,1,1,1,0,0,0,0,0,1,2,2,2,2,2,2,2,2,2",0.013481795723993101
"0,0,0,0,0,1,1,1,1,1,1,1,1,1,2,0,0,0,0,0,2,2,2,2,2,2,2,2",0.013481795723993101
"0,0,0,0,0,0,0,0,0,0,1,1,1,1,1,1,1,1,1,2,2,2,2,2,2,2,2,2",0.013377899097278092
